Date,HighTem,LowTem,Weather,Wind
2017-01-01,14,9,多云,微风
2017-01-02,15,8,多云,1级
2017-01-03,14,8,晴,1级
2017-01-04,15,11,小雨,1级
2017-01-05,12,10,中雨,1级
2017-01-06,14,11,小雨,1级
2017-01-07,14,8,小雨,1级
2017-01-08,10,5,小雨,1级
2017-01-09,8,4,多云,1级
2017-01-10,9,6,多云,1级
2017-01-11,9,5,小雨,微风
2017-01-12,7,3,小雨,1级
2017-01-13,10,2,晴,1级
2017-01-14,8,3,多云,1级
2017-01-15,7,2,多云,1级
2017-01-16,8,4,多云,1级
2017-01-17,11,7,阴,微风
2017-01-18,9,7,小雨,1级
2017-01-19,9,0,阴,1级
2017-01-20,4,-1,晴,1级
2017-01-21,6,0,晴,微风
2017-01-22,6,0,晴,1级
2017-01-23,7,1,晴,1级
2017-01-24,9,2,多云,1级
2017-01-25,10,4,多云,1级
2017-01-26,12,5,晴,1级
2017-01-27,10,6,多云,1级
2017-01-28,15,8,多云,微风
2017-01-29,20,4,多云,1级
2017-01-30,6,2,多云,1级
2017-01-31,6,3,多云,1级
2017-02-01,7,4,多云,1级
2017-02-02,8,5,多云,1级
2017-02-03,9,7,小雨,微风
2017-02-04,10,6,小雨,微风
2017-02-05,10,4,阴,微风
2017-02-06,10,4,晴,1级
2017-02-07,9,5,阴,1级
2017-02-08,6,0,小雨,1级
2017-02-09,5,-1,小雪,1级
2017-02-10,6,-1,晴,微风
2017-02-11,8,1,晴,微风
2017-02-12,11,2,晴,1级
2017-02-13,13,4,晴,微风
2017-02-14,15,5,晴,微风
2017-02-15,16,7,晴,1级
2017-02-16,17,9,阵雨,1级
2017-02-17,10,5,小雨,1级
2017-02-18,12,6,多云,1级
2017-02-19,18,8,多云,微风
2017-02-20,14,5,小雨,1级
2017-02-21,11,6,阴,1级
2017-02-22,9,5,小雨,1级
2017-02-23,7,2,阴,微风
2017-02-24,9,2,多云,1级
2017-02-25,12,4,多云,1级
2017-02-26,14,6,多云,1级
2017-02-27,14,7,晴,1级
2017-02-28,15,7,晴,1级
2017-03-01,16,3,阴,微风
2017-03-02,10,3,晴,1级
2017-03-03,13,6,晴,1级
2017-03-05,13,8,小雨,微风
2017-03-06,12,4,多云,1级
2017-03-07,14,5,晴,1级
2017-03-08,13,5,晴,1级
2017-03-09,17,8,晴,微风
2017-03-10,18,11,多云,1级
2017-03-11,16,11,多云,1级
2017-03-12,14,9,小雨,1级
2017-03-13,10,6,小雨,1级
2017-03-14,12,5,晴,1级
2017-03-15,14,7,多云,1级
2017-03-16,12,7,阴,1级
2017-03-17,14,8,多云,1级
2017-03-18,14,11,阴,1级
2017-03-19,14,10,小雨,1级
2017-03-20,13,9,小雨,1级
2017-03-21,15,8,多云,2级
2017-03-22,11,9,小雨,微风
2017-03-23,11,8,小雨,2级
2017-03-24,12,8,小雨,3级
2017-03-25,15,8,多云,2级
2017-03-26,17,9,多云,1级
2017-03-27,19,12,晴,2级
2017-03-28,21,11,多云,2级
2017-03-29,16,11,多云,2级
2017-03-30,13,9,小雨,3级
2017-03-31,15,7,阴,3级
2017-04-01,16,9,多云,2级
2017-04-02,21,11,晴,2级
2017-04-03,22,13,晴,2级
2017-04-04,19,15,多云,3级
2017-04-05,22,16,小雨,1级
2017-04-06,21,15,中雨,2级
2017-04-07,16,13,阵雨,1级
2017-04-08,22,12,多云,4级
2017-04-09,14,11,阵雨,2级
2017-04-10,14,11,小雨,3级
2017-04-11,14,11,阴,1级
2017-04-12,18,10,多云,3级
2017-04-13,22,13,晴,4级
2017-04-14,26,16,晴,1级
2017-04-15,18,0,晴,小于3级
2017-04-16,27,19,多云,2级
2017-04-17,24,16,中雨,2级
2017-04-18,28,15,晴,3级
2017-04-19,25,17,多云,2级
2017-04-20,24,15,阴,3级
2017-04-21,22,14,阴,2级
2017-04-22,21,12,多云,2级
2017-04-23,23,14,晴,4级
2017-04-24,25,17,晴,2级
2017-04-25,24,16,阵雨,2级
2017-04-26,20,14,小雨,3级
2017-04-27,22,14,多云,1级
2017-04-28,26,17,晴,1级
2017-04-29,28,18,晴,1级
2017-04-30,30,19,晴,2级
2017-05-01,29,19,多云,2级
2017-05-02,21,18,阵雨,3级
2017-05-03,22,18,阴,3级
2017-05-04,21,18,小雨,2级
2017-05-05,22,17,阴,2级
2017-05-06,24,17,多云,3级
2017-05-07,25,18,多云,2级
2017-05-08,20,16,中雨,1级
2017-05-09,25,18,多云,2级
2017-05-10,31,21,晴,2级
2017-05-11,33,19,多云,1级
2017-05-12,22,17,中雨,2级
2017-05-13,31,19,晴,2级
2017-05-14,27,19,多云,3级
2017-05-15,24,18,阴,2级
2017-05-16,22,17,阵雨,2级
2017-05-17,28,18,晴,2级
2017-05-18,29,19,晴,2级
2017-05-19,27,20,多云,3级
2017-05-20,27,20,多云,2级
2017-05-21,28,20,多云,3级
2017-05-22,28,21,多云,2级
2017-05-23,25,20,阵雨,2级
2017-05-24,22,18,小雨,2级
2017-05-25,28,19,多云,1级
2017-05-26,27,19,晴,3级
2017-05-27,31,21,晴,2级
2017-05-28,32,21,晴,2级
2017-05-29,32,22,晴,3级
2017-05-30,31,23,多云,2级
2017-05-31,31,24,阵雨,3级
2017-06-01,32,23,阵雨,2级
2017-06-02,29,19,多云,3级
2017-06-03,29,20,晴,2级
2017-06-04,28,21,晴,2级
2017-06-05,24,20,中雨,3级
2017-06-06,28,21,阴,2级
2017-06-07,30,21,多云,1级
2017-06-08,30,23,晴,2级
2017-06-09,30,23,多云,2级
2017-06-10,25,22,暴雨,2级
2017-06-11,29,22,多云,2级
2017-06-12,24,20,中雨,2级
2017-06-13,23,20,阵雨,1级
2017-06-14,27,20,多云,2级
2017-06-15,27,20,多云,1级
2017-06-16,28,20,多云,2级
2017-06-17,29,21,晴,2级
2017-06-18,29,23,多云,2级
2017-06-19,26,22,阵雨,1级
2017-06-20,29,23,阵雨,1级
2017-06-21,26,23,阵雨,2级
2017-06-22,25,22,阵雨,2级
2017-06-23,28,23,阵雨,2级
2017-06-24,27,23,阵雨,1级
2017-06-25,26,22,小雨,1级
2017-06-26,28,23,雷阵雨,2级
2017-06-27,29,23,雷阵雨,2级
2017-06-28,26,23,阵雨,1级
2017-06-29,27,24,小雨,微风
2017-06-30,30,24,阴,微风
2017-07-01,32,26,小雨,1级
2017-07-02,33,26,阴,1级
2017-07-03,33,26,中雨,1级
2017-07-04,33,26,小雨,1级
2017-07-05,34,27,阴,微风
2017-07-06,35,27,阵雨,1级
2017-07-07,36,27,雷阵雨,1级
2017-07-08,36,28,中雨,1级
2017-07-09,35,27,小雨,1级
2017-07-10,36,28,雷阵雨,微风
2017-07-11,35,28,阴,1级
2017-07-12,37,29,多云,1级
2017-07-13,37,29,多云,1级
2017-07-14,37,29,多云,1级
2017-07-15,38,29,多云,1级
2017-07-16,37,29,晴,1级
2017-07-17,37,29,晴,1级
2017-07-18,38,30,多云,微风
2017-07-19,38,30,多云,1级
2017-07-20,39,30,晴,微风
2017-07-21,39,30,晴,微风
2017-07-22,40,31,多云,1级
2017-07-23,40,30,晴,1级
2017-07-24,40,30,晴,1级
2017-07-25,40,29,多云,1级
2017-07-26,37,29,阴,1级
2017-07-27,37,29,多云,1级
2017-07-28,37,29,多云,1级
2017-07-29,35,29,小雨,1级
2017-07-30,33,28,大雨,1级
2017-07-31,34,28,小雨,1级
2017-08-01,35,28,阴,1级
2017-08-02,35,29,多云,1级
2017-08-03,37,29,多云,1级
2017-08-04,37,29,多云,微风
2017-08-05,35,28,小雨,微风
2017-08-06,35,28,多云,1级
2017-08-07,38,29,雷阵雨,1级
2017-08-08,35,27,小雨,1级
2017-08-09,29,26,大雨,微风
2017-08-10,34,27,阴,微风
2017-08-11,36,28,阴,1级
2017-08-12,32,28,小雨,1级
2017-08-13,34,28,中雨,微风
2017-08-14,33,26,大雨,微风
2017-08-15,32,26,小雨,2级
2017-08-16,32,26,小雨,2级
2017-08-17,33,26,小雨,1级
2017-08-18,33,26,小雨,1级
2017-08-19,36,26,多云,1级
2017-08-20,32,26,中雨,1级
2017-08-21,34,27,阴,1级
2017-08-22,34,28,小雨,1级
2017-08-23,35,28,多云,1级
2017-08-24,36,29,多云,微风
2017-08-25,35,26,雷阵雨,1级
2017-08-26,31,27,小雨,1级
2017-08-27,33,28,多云,1级
2017-08-28,36,27,多云,2级
2017-08-29,32,26,大雨,2级
2017-08-30,30,25,阴,1级
2017-08-31,27,24,阴,1级
2017-09-01,29,24,阴,1级
2017-09-02,30,26,多云,1级
2017-09-03,29,25,阴,1级
2017-09-04,32,26,阴,1级
2017-09-05,34,26,小雨,1级
2017-09-06,32,24,小雨,1级
2017-09-07,27,23,小雨,微风
2017-09-08,29,24,多云,1级
2017-09-09,27,25,小雨,1级
2017-09-10,32,24,阴,1级
2017-09-11,29,24,小雨,微风
2017-09-12,29,23,阴,1级
2017-09-13,29,23,多云,2级
2017-09-14,29,24,多云,1级
2017-09-15,27,23,小雨,1级
2017-09-16,27,22,阴,1级
2017-09-17,29,21,多云,微风
2017-09-18,31,23,晴,1级
2017-09-19,29,23,小雨,1级
2017-09-20,22,20,中雨,1级
2017-09-21,24,20,小雨,微风
2017-09-22,25,21,小雨,1级
2017-09-23,23,21,中雨,1级
2017-09-24,23,21,中雨,微风
2017-09-25,25,23,中雨,微风
2017-09-26,30,24,阴,微风
2017-09-27,28,22,阴,微风
2017-09-28,24,19,小雨,微风
2017-09-29,27,21,多云,微风
2017-09-30,23,21,小雨,1级
2017-10-01,31,22,小雨,1级
2017-10-02,26,20,小雨,1级
2017-10-03,24,20,阴,1级
2017-10-04,22,18,阴,1级
2017-10-05,21,18,小雨,1级
2017-10-06,23,18,阴,1级
2017-10-07,26,20,晴,1级
2017-10-08,28,21,晴,1级
2017-10-09,29,23,多云,1级
2017-10-10,30,23,多云,1级
2017-10-11,23,19,小雨,1级
2017-10-12,20,17,小雨,1级
2017-10-13,21,18,阴,1级
2017-10-14,21,18,小雨,1级
2017-10-15,20,17,中雨,1级
2017-10-16,20,17,小雨,2级
2017-10-17,21,17,阴,1级
2017-10-18,22,17,阴,1级
2017-10-19,21,17,小雨,1级
2017-10-20,23,17,多云,1级
2017-10-21,22,17,多云,1级
2017-10-22,22,16,多云,1级
2017-10-23,20,13,多云,1级
2017-10-24,20,13,晴,微风
2017-10-25,20,15,多云,1级
2017-10-26,14,0,多云,小于3级
2017-10-27,16,0,晴,小于3级
2017-10-28,15,0,晴,3～4级
2017-10-29,11,0,多云,3～4级
2017-10-30,16,11,多云,1级
2017-10-31,18,13,多云,1级
2017-11-01,22,14,多云,微风
2017-11-02,23,14,晴,1级
2017-11-03,22,11,多云,2级
2017-11-04,16,11,多云,1级
2017-11-05,16,13,阴,微风
2017-11-06,22,16,多云,微风
2017-11-07,21,15,阴,微风
2017-11-08,22,13,阴,1级
2017-11-09,21,10,晴,3级
2017-11-10,21,15,多云,3级
2017-11-11,16,13,晴,3级
2017-11-12,18,12,晴,2级
2017-11-13,19,14,阴,2级
2017-11-14,17,13,阴,2级
2017-11-15,19,14,多云,2级
2017-11-16,16,14,雨,3级
2017-11-17,20,14,雨,3级
2017-11-18,15,7,阴,4级
2017-11-19,11,6,阴,3级
2017-11-20,13,8,多云,3级
2017-11-21,14,8,雨,2级
2017-11-22,14,10,多云,3级
2017-11-23,13,7,晴,3级
2017-11-24,14,5,阴,2级
2017-11-25,16,8,阴,2级
2017-11-26,17,10,晴,2级
2017-11-27,17,10,晴,3级
2017-11-28,19,13,阴,2级
2017-11-29,15,11,阴,3级
2017-11-30,12,9,阴,3级
2017-12-01,12,7,晴,3级
2017-12-02,13,7,晴,2级
2017-12-03,15,6,多云,2级
2017-12-04,12,5,多云,3级
2017-12-05,8,1,晴,3级
2017-12-06,11,1,晴,2级
2017-12-07,12,5,阴,2级
2017-12-08,8,4,多云,3级
2017-12-09,10,-1,晴,2级
2017-12-10,13,4,晴,3级
2017-12-11,10,4,晴,2级
2017-12-12,10,6,晴,3级
2017-12-13,11,6,阴,3级
2017-12-14,9,7,雨,3级
2017-12-15,8,7,雨,3级
2017-12-16,8,1,晴,4级
2017-12-17,5,0,晴,3级
2017-12-18,8,0,晴,2级
2017-12-19,10,2,晴,3级
2017-12-20,11,3,晴,2级
2017-12-21,11,3,晴,2级
2017-12-22,14,5,晴,2级
2017-12-23,17,9,雨,3级
2017-12-24,12,5,晴,4级
2017-12-25,9,3,晴,2级
2017-12-26,11,4,晴,2级
2017-12-27,12,5,阴,2级
2017-12-28,11,9,雨,3级
2017-12-29,13,9,多云,2级
2017-12-30,11,5,雨,2级
2017-12-31,10,4,晴,3级
2018-01-01,10,3,晴,2级
2018-01-02,13,6,雨,3级
2018-01-03,10,5,雨,4级
2018-01-04,7,4,雨,3级
2018-01-05,7,3,晴,3级
2018-01-06,7,2,雨,2级
2018-01-07,10,7,雨,3级
2018-01-08,5,1,多云,4级
2018-01-09,5,-1,晴,4级
2018-01-10,5,0,晴,3级
2018-01-11,5,-1,晴,3级
2018-01-12,2,-2,晴,3级
2018-01-13,7,-2,阴,2级
2018-01-14,11,-1,晴,2级
2018-01-15,14,6,晴,2级
2018-01-16,14,8,雨,3级
2018-01-17,12,7,晴,2级
2018-01-18,10,6,多云,2级
2018-01-19,10,7,霾,2级
2018-01-20,9,6,阴,2级
2018-01-21,9,6,雨,2级
2018-01-22,11,5,晴,2级
2018-01-23,6,4,阴,3级
2018-01-24,4,0,雪,3级
2018-01-25,3,0,雪,4级
2018-01-26,2,0,阴,3级
2018-01-27,2,0,雪,3级
2018-01-28,4,1,阴,3级
2018-01-29,3,-3,晴,3级
2018-01-30,4,-3,霾,2级
2018-01-31,3,0,多云,2级
2018-02-01,6,-1,多云,2级
2018-02-02,7,0,多云,3级
2018-02-03,1,-2,阴,3级
2018-02-04,2,-3,多云,3级
2018-02-05,5,-2,晴,3级
2018-02-06,4,-2,晴,3级
2018-02-07,6,-2,阴,2级
2018-02-08,7,0,多云,2级
2018-02-09,10,2,阴,2级
2018-02-10,8,1,阴,3级
2018-02-11,8,0,晴,3级
2018-02-12,7,-1,晴,3级
2018-02-13,12,0,晴,3级
2018-02-14,17,7,多云,2级
2018-02-15,10,5,雨,3级
2018-02-16,8,5,多云,2级
2018-02-17,11,3,晴,3级
2018-02-18,10,6,雨,3级
2018-02-19,9,6,雨,3级
2018-02-20,8,6,雨,3级
2018-02-21,8,4,阴,3级
2018-02-22,9,5,多云,2级
2018-02-23,13,4,晴,3级
2018-02-24,12,7,雨,3级
2018-02-25,11,6,阴,3级
2018-02-26,13,3,晴,2级
2018-02-27,17,7,阴,3级
2018-02-28,14,10,多云,4级
2018-03-01,13,7,多云,3级
2018-03-02,12,6,阴,3级
2018-03-03,15,10,晴,2级
2018-03-04,24,13,雨,3级
2018-03-05,13,7,风,5级
2018-03-06,12,7,多云,3级
2018-03-07,10,8,雨,3级
2018-03-08,10,4,多云,4级
2018-03-09,10,2,晴,3级
2018-03-10,15,2,晴,2级
2018-03-11,16,8,多云,3级
2018-03-12,20,10,晴,3级
2018-03-13,23,13,晴,3级
2018-03-14,22,15,多云,3级
2018-03-15,19,11,雨,2级
2018-03-16,15,8,阴,4级
2018-03-17,13,8,多云,3级
2018-03-18,16,10,雨,3级
2018-03-19,13,7,阴,3级
2018-03-20,10,5,雨,3级
2018-03-21,9,6,多云,3级
2018-03-22,15,4,晴,2级
2018-03-23,18,8,多云,2级
2018-03-24,21,10,阴,2级
2018-03-25,22,13,阴,3级
2018-03-26,21,13,晴,2级
2018-03-27,23,14,晴,2级
2018-03-28,25,14,晴,3级
2018-03-29,24,14,阴,3级
2018-03-30,20,14,晴,3级
2018-03-31,23,13,晴,3级
2018-04-01,27,15,多云,3级
2018-04-02,24,16,雨,3级
2018-04-03,26,17,多云,3级
2018-04-04,19,12,阴,3级
2018-04-05,15,11,雨,3级
2018-04-06,15,9,多云,4级
2018-04-07,14,7,晴,3级
2018-04-08,21,7,晴,3级
2018-04-09,26,12,晴,3级
2018-04-10,29,16,晴,3级
2018-04-11,28,16,多云,3级
2018-04-12,19,15,多云,4级
2018-04-13,19,15,雨,3级
2018-04-14,17,11,阴,3级
2018-04-15,20,11,晴,3级
2018-04-16,17,10,阴,2级
2018-04-17,20,10,晴,2级
2018-04-18,24,12,晴,3级
2018-04-19,27,14,晴,3级
2018-04-20,26,16,阴,4级
2018-04-21,25,17,阴,4级
2018-04-22,28,20,阴,3级
2018-04-23,23,15,雨,3级
2018-04-24,15,13,多云,4级
2018-04-25,22,11,晴,2级
2018-04-26,22,13,多云,2级
2018-04-27,27,14,多云,2级
2018-04-28,25,15,晴,2级
2018-04-29,27,19,阴,3级
2018-04-30,30,20,阴,2级
2018-05-01,28,22,雨,2级
2018-05-02,24,17,多云,3级
2018-05-03,25,15,晴,3级
2018-05-04,27,16,阴,3级
2018-05-05,22,19,雨,3级
2018-05-06,28,19,雨,3级
2018-05-07,22,19,阴,3级
2018-05-08,23,16,晴,3级
2018-05-09,23,15,晴,2级
2018-05-10,22,16,多云,3级
2018-05-11,26,17,晴,3级
2018-05-12,27,21,雨,2级
2018-05-13,28,21,晴,2级
2018-05-14,31,21,阴,3级
2018-05-15,34,23,晴,3级
2018-05-16,35,25,晴,3级
2018-05-17,35,25,雨,3级
2018-05-18,30,23,阴,2级
2018-05-19,23,20,雨,3级
2018-05-20,21,19,多云,3级
2018-05-21,21,19,阴,3级
2018-05-22,23,18,雨,3级
2018-05-23,26,18,晴,3级
2018-05-24,27,17,雨,3级
2018-05-25,24,20,雨,3级
2018-05-26,24,20,多云,3级
2018-05-27,25,20,阴,2级
2018-05-28,29,19,多云,2级
2018-05-29,26,19,阴,3级
2018-05-30,27,21,阴,2级
2018-05-31,23,19,阴,2级
2018-06-01,26,18,多云,2级
2018-06-02,27,19,多云,2级
2018-06-03,24,20,多云,2级
2018-06-04,28,20,阴,2级
2018-06-05,27,21,阴,2级
2018-06-06,28,21,阴,2级
2018-06-07,29,22,多云,3级
2018-06-08,27,22,阴,2级
2018-06-09,25,21,阴转小雨,2级
2018-06-10,26,21,多云,2级
2018-06-11,30,21,多云,2级
2018-06-12,33,22,晴,3级
2018-06-13,33,23,多云,3级
2018-06-14,30,23,晴,3级
2018-06-15,29,22,晴,3级
2018-06-16,28,22,多云,3级
2018-06-17,28,22,多云,3级
2018-06-18,31,23,阴,3级
2018-06-19,31,26,雨,2级
2018-06-20,25,21,阴,3级
2018-06-21,28,21,多云,2级
2018-06-22,25,22,中雨,3级
2018-06-23,24,21,多云,2级
2018-06-24,27,21,多云,3级
2018-06-25,33,23,多云转小雨,3级
2018-06-26,37,27,阴,3级
2018-06-27,36,28,小雨,3级
2018-06-28,34,27,中雨,3级
2018-06-29,30,25,多云转小雨,2级
2018-06-30,29,25,中雨到大雨,3级
2018-07-01,29,25,多云,3级
2018-07-02,31,26,多云,3级
2018-07-03,31,25,晴,2级
2018-07-04,30,26,小雨,2级
2018-07-05,27,25,小雨到中雨,3级
2018-07-06,28,24,阴,3级
2018-07-07,28,26,多云,4级
2018-07-08,33,27,多云,3级
2018-07-09,34,26,阴,3级
2018-07-10,33,27,晴,4级
2018-07-11,31,27,小雨,4级
2018-07-12,33,27,晴,4级
2018-07-13,34,27,晴,4级
2018-07-14,33,26,晴,4级
2018-07-15,34,26,晴,3级
2018-07-16,34,27,晴,4级
2018-07-17,34,27,晴,3级
2018-07-18,33,26,晴,3级
2018-07-19,34,26,晴,3级
2018-07-20,33,27,晴,3级
2018-07-21,32,27,阴转小雨,3级
2018-07-22,28,26,小雨到大雨,5级
2018-07-23,32,26,阴转小雨,4级
2018-07-24,32,27,小雨转阴,2级
2018-07-25,37,28,小雨,2级
2018-07-26,34,28,小雨,2级
2018-07-27,34,27,小雨,2级
2018-07-28,35,27,小雨,2级
2018-07-29,36,27,小雨,2级
2018-07-30,35,28,多云转小雨,2级
2018-07-31,34,28,小雨,3级
2018-08-01,33,27,多云,3级
2018-08-02,33,27,雨,3级
2018-08-03,29,26,风转小雨,5级
2018-08-04,35,28,晴,3级
2018-08-05,35,28,晴,3级
2018-08-06,35,28,多云,3级
2018-08-07,35,27,晴,3级
2018-08-08,35,27,晴,2级
2018-08-09,34,27,多云,2级
2018-08-10,35,28,晴,2级
2018-08-11,34,28,多云,2级
2018-08-12,29,26,雨,3级
2018-08-13,32,26,多云,5级
2018-08-14,33,27,多云转小雨,4级
2018-08-15,33,28,多云,3级
2018-08-16,31,26,雨,4级
2018-08-17,28,25,小雨到暴雨,5级
2018-08-18,31,27,多云,4级
2018-08-19,32,27,多云,4级
2018-08-20,33,28,阴,4级
2018-08-21,30,26,阴,2级
2018-08-22,33,27,晴,3级
2018-08-23,32,26,晴,3级
2018-08-24,32,25,晴,3级
2018-08-25,29,24,阴,4级
2018-08-26,29,26,阴,3级
2018-08-27,33,27,多云,4级
2018-08-28,33,27,多云,4级
2018-08-29,33,27,多云,3级
2018-08-30,33,27,晴,3级
2018-08-31,34,27,晴,3级
2018-09-01,32,26,多云,2级
2018-09-02,32,27,多云,1级
2018-09-03,34,26,多云,2级
2018-09-04,33,26,晴,3级
2018-09-05,32,24,阴,2级
2018-09-06,32,26,小雨,2级
2018-09-07,26,23,阴,2级
2018-09-08,26,22,晴,3级
2018-09-09,29,22,多云,3级
2018-09-10,27,22,阴,3级
2018-09-11,27,24,多云,3级
2018-09-12,28,24,多云,3级
2018-09-13,29,24,多云,2级
2018-09-14,31,24,多云,2级
2018-09-15,32,25,多云,2级
2018-09-16,32,25,多云,3级
2018-09-17,29,25,多云,2级
2018-09-18,30,25,多云,2级
2018-09-19,33,27,阴,2级
2018-09-20,35,25,小雨到大雨,2级
2018-09-21,27,24,多云,2级
2018-09-22,28,23,阴,2级
2018-09-23,28,22,多云,2级
2018-09-24,28,23,晴,3级
2018-09-25,26,21,多云,3级
2018-09-26,27,21,多云,3级
2018-09-27,28,22,晴,3级
2018-09-28,27,20,晴,3级
2018-09-29,27,20,晴,3级
2018-09-30,28,21,晴,3级
2018-10-01,25,19,晴,3级
2018-10-02,25,18,晴,2级
2018-10-03,26,18,晴,2级
2018-10-04,26,20,多云,3级
2018-10-05,23,20,阴,5级
2018-10-06,26,19,多云,3级
2018-10-07,26,18,多云,2级
2018-10-08,25,19,多云,3级
2018-10-09,24,19,小雨,2级
2018-10-10,21,17,多云,3级
2018-10-11,21,15,多云,3级
2018-10-12,21,15,多云,2级
2018-10-13,23,16,多云,2级
2018-10-14,23,17,阴,2级
2018-10-15,23,17,中雨,2级
2018-10-16,20,17,阴,3级
2018-10-17,22,15,多云,2级
2018-10-18,21,15,阴,3级
2018-10-19,21,13,多云,3级
2018-10-20,20,16,多云,2级
2018-10-21,22,16,阴,2级
2018-10-22,20,18,多云,2级
2018-10-23,22,16,晴,3级
2018-10-24,23,16,晴,2级
2018-10-25,23,17,阴,3级
2018-10-26,22,17,晴,4级
2018-10-27,20,13,晴,3级
2018-10-28,22,12,晴,3级
2018-10-29,24,14,晴,3级
2018-10-30,23,15,多云,2级
2018-10-31,20,15,晴,3级
2018-11-01,19,13,多云,3级
2018-11-02,20,14,阴,3级
2018-11-03,20,16,晴,3级
2018-11-04,23,15,多云,3级
2018-11-05,22,17,多云,3级
2018-11-06,21,17,多云,3级
2018-11-07,20,16,多云,2级
2018-11-08,16,10,晴,3级
2018-11-09,18,9,晴,2级
2018-11-10,19,11,阴,2级
2018-11-11,21,15,小雨,2级
2018-11-12,17,14,多云,3级
2018-11-13,18,13,多云,3级
2018-11-14,18,12,阴,2级
2018-11-15,18,14,阴,2级
2018-11-16,17,14,阴,4级
2018-11-17,17,13,中雨,3级
2018-11-18,14,11,小雨到中雨,3级
2018-11-19,15,10,多云,3级
2018-11-20,17,10,中雨,3级
2018-11-21,16,13,小雨到中雨,3级
2018-11-22,15,10,阴,3级
2018-11-23,17,9,晴,2级
2018-11-24,19,11,晴,2级
2018-11-25,19,11,多云,2级
2018-11-26,20,14,晴,2级
2018-11-27,19,12,晴,1级
2018-11-28,17,12,晴,1级
2018-11-29,18,11,晴,1级
2018-11-30,19,12,多云,2级
2018-12-01,20,13,晴,2级
2018-12-02,21,15,多云,3级
2018-12-03,18,15,多云,1级
2018-12-04,18,10,大雨,4级
2018-12-05,14,11,中雨,3级
2018-12-06,12,7,阴,4级
2018-12-07,9,2,阴,4级
2018-12-08,5,3,多云,3级
2018-12-09,7,2,小雨,3级
2018-12-10,10,6,小雨到中雨,3级
2018-12-11,10,5,多云,3级
2018-12-12,8,3,多云,3级
2018-12-13,8,3,多云,2级
2018-12-14,9,3,多云,2级
2018-12-15,11,6,小雨到中雨,3级
2018-12-16,10,5,晴,3级
2018-12-17,12,3,晴,3级
2018-12-18,15,0,晴,2级
2018-12-19,15,6,小雨,2级
2018-12-20,14,11,多云,3级
2018-12-21,15,10,多云,2级
2018-12-22,14,11,小雨到中雨,2级
2018-12-23,12,7,晴,3级
2018-12-24,11,3,晴,3级
2018-12-25,14,8,小雨,3级
2018-12-26,10,6,小雨到中雨,5级
2018-12-27,8,4,多云,4级
2018-12-28,4,-1,多云,4级
2018-12-29,4,-1,多云,3级
2018-12-30,4,0,雪,3级
2018-12-31,5,1,多云,3级
2019-01-01,6,3,多云,3级
2019-01-02,7,2,多云,2级
2019-01-03,10,4,多云,2级
2019-01-04,11,7,小雨,2级
2019-01-05,10,7,多云,3级
2019-01-06,8,6,多云,2级
2019-01-07,9,5,阴,3级
2019-01-08,8,6,小雨,3级
2019-01-09,6,5,阴,3级
2019-01-10,9,5,中雨,2级
2019-01-11,9,6,阴,2级
2019-01-12,9,6,多云,3级
2019-01-13,7,5,多云,2级
2019-01-14,10,4,中雨,2级
2019-01-15,9,5,阴,3级
2019-01-16,5,1,多云,3级
2019-01-17,8,0,晴,2级
2019-01-18,11,2,晴,2级
2019-01-19,12,7,多云,3级
2019-01-20,9,4,晴,3级
2019-01-21,8,1,晴,3级
2019-01-22,10,2,晴,2级
2019-01-23,12,3,晴,2级
2019-01-24,12,4,晴,2级
2019-01-25,10,5,多云,2级
2019-01-26,6,2,多云,3级
2019-01-27,9,1,晴,2级
2019-01-28,10,4,小雨,2级
2019-01-29,10,6,多云,2级
2019-01-30,13,5,多云,2级
2019-01-31,11,4,晴,4级
2019-02-01,7,0,晴,2级
2019-02-02,14,3,多云,3级
2019-02-03,14,6,晴,3级
2019-02-04,12,6,晴,3级
2019-02-05,13,7,晴,2级
2019-02-06,16,8,多云,2级
2019-02-07,11,4,多云,4级
2019-02-08,4,2,雪,3级
2019-02-09,5,2,多云,3级
2019-02-10,5,2,多云,3级
2019-02-11,5,2,多云,2级
2019-02-12,9,2,小雨到中雨,3级
2019-02-13,8,4,中雨,3级
2019-02-14,7,4,阴,3级
2019-02-15,8,5,中雨,2级
2019-02-16,5,3,多云,3级
2019-02-17,8,2,小雨,2级
2019-02-18,8,5,多云,3级
2019-02-19,9,5,多云,3级
2019-02-20,7,6,阴,2级
2019-02-21,9,6,小雨,3级
2019-02-22,6,5,多云,3级
2019-02-23,10,4,多云,2级
2019-02-24,11,4,多云,2级
2019-02-25,11,6,多云,2级
2019-02-26,11,7,阴,3级
2019-02-27,11,7,多云,2级
2019-02-28,10,8,阴,2级
2019-03-01,11,7,阴,2级
2019-03-02,9,7,多云,3级
2019-03-03,10,6,晴,2级
2019-03-04,11,5,晴,3级
2019-03-05,11,8,多云,3级
2019-03-06,13,8,多云,3级
2019-03-07,11,2,晴,4级
2019-03-08,12,5,多云,2级
2019-03-09,13,8,多云,2级
2019-03-10,13,8,晴,3级
2019-03-11,18,7,晴,3级
2019-03-12,19,8,晴,3级
2019-03-13,16,7,阴,2级
2019-03-14,12,7,多云,2级
2019-03-15,19,7,多云,3级
2019-03-16,19,7,多云,2级
2019-03-17,22,9,多云,2级
2019-03-18,13,9,晴,2级
2019-03-19,20,9,多云,3级
2019-03-20,23,10,多云,4级
2019-03-21,19,9,中雨,3级
2019-03-22,11,8,多云,3级
2019-03-23,16,4,晴,3级
2019-03-24,15,7,多云,2级
2019-03-25,16,9,晴,1级
2019-03-26,22,10,多云,2级
2019-03-27,21,11,阴,2级
2019-03-28,19,13,小雨到中雨,2级
2019-03-29,20,13,晴,2级
2019-03-30,20,10,多云,3级
2019-03-31,15,9,晴,3级
2019-04-01,18,8,多云,2级
2019-04-02,18,9,多云,2级
2019-04-03,18,12,多云,2级
2019-04-04,16,11,多云,3级
2019-04-05,23,13,多云,2级
2019-04-06,26,14,晴,2级
2019-04-07,29,15,晴,3级
2019-04-08,27,16,多云,3级
2019-04-09,27,11,多云,4级
2019-04-10,15,11,阴,3级
2019-04-11,15,10,晴,2级
2019-04-12,19,9,晴,2级
2019-04-13,21,12,多云,3级
2019-04-14,20,12,多云,3级
2019-04-15,20,7,多云,2级
2019-04-16,18,13,多云,3级
2019-04-17,25,13,晴,2级
2019-04-18,28,13,多云,3级
2019-04-19,25,18,晴转多云,3级
2019-04-20,24,18,多云转雨,3级
2019-04-21,23,18,多云转雨,3级
2019-04-22,21,19,小雨到中雨转雨,3级
2019-04-23,26,19,阴,2级
2019-04-24,25,18,阴,2级
2019-04-25,24,15,阴,2级
2019-04-26,18,12,晴转多云,3级
2019-04-27,18,11,晴转多云,3级
2019-04-28,19,15,阴转多云,2级
2019-04-29,20,15,多云转雨,2级
2019-04-30,18,15,多云转阴,2级
2019-05-01,23,14,多云,2级
2019-05-02,25,15,晴,2级
2019-05-03,27,14,多云,2级
2019-05-04,27,15,晴,2级
2019-05-05,27,17,阴,3级
2019-05-06,20,14,多云,3级
2019-05-07,21,14,阴,3级
2019-05-08,20,15,晴,3级
2019-05-09,26,15,多云,2级
2019-05-10,26,16,晴转多云,2级
2019-05-11,30,17,晴,2级
2019-05-12,29,19,阴,3级
2019-05-13,23,17,多云,3级
2019-05-14,22,17,阴,2级
2019-05-15,22,18,阴,3级
2019-05-16,23,19,阴,2级
2019-05-17,24,20,阴转多云,2级
2019-05-18,27,20,晴转多云,3级
2019-05-19,25,20,多云,2级
2019-05-20,24,18,晴转多云,3级
2019-05-21,28,17,多云,2级
2019-05-22,29,16,晴,2级
2019-05-23,34,20,晴,2级
2019-05-24,33,21,阴,3级
2019-05-25,29,21,阴转雨,4级
2019-05-26,23,21,阴转雨,4级
2019-05-27,29,19,多云,3级
2019-05-28,25,17,阴转多云,3级
2019-05-29,27,18,多云,2级
2019-05-30,26,20,小雨转雨,2级
2019-05-31,26,20,阴转多云,2级
2019-06-01,25,18,多云,2级
2019-06-02,26,19,晴转多云,2级
2019-06-03,29,21,晴,3级
2019-06-04,25,25,多云,4级
2019-06-05,32,22,阴,3级
2019-06-06,30,25,阴转多云,4级
2019-06-07,28,22,晴转多云,3级
2019-06-08,29,21,多云转阴,2级
2019-06-09,29,21,阴,2级
2019-06-10,28,22,阴转多云,2级
2019-06-11,28,20,阴,3级
2019-06-12,27,20,阴,2级
2019-06-13,24,17,小雨转雨,3级
2019-06-14,27,20,晴,3级
2019-06-15,32,20,多云,2级
2019-06-16,30,23,阴,2级
2019-06-17,29,25,小雨转雨,3级
2019-06-18,25,23,多云,3级
2019-06-19,27,22,晴转多云,2级
2019-06-20,24,21,阴转雨,3级
2019-06-21,24,21,多云,3级
2019-06-22,27,21,阴,2级
2019-06-23,27,20,多云,2级
2019-06-24,27,21,阴,3级
2019-06-25,26,22,多云转雨,3级
2019-06-26,26,22,多云,2级
2019-06-27,29,23,阴转多云,2级
2019-06-28,33,24,晴转多云,2级
2019-06-29,32,26,多云转雨,3级
2019-06-30,27,24,多云,2级
2019-07-01,26,23,阴,2级
2019-07-02,25,23,多云转雨,3级
2019-07-03,26,22,阴,2级
2019-07-04,29,22,阴,2级
2019-07-05,27,23,晴,2级
2019-07-06,31,23,多云转雨,3级
2019-07-07,31,24,多云,3级
2019-07-08,30,23,阴转雨,2级
2019-07-09,25,22,小雨到中雨,3级
2019-07-10,26,22,多云,3级
2019-07-11,28,22,多云,2级
2019-07-12,27,23,中雨转雨,3级
2019-07-13,24,22,多云,3级
2019-07-14,30,21,晴,2级
2019-07-15,30,24,晴转多云,2级
2019-07-16,29,24,阴转多云,3级
2019-07-17,31,25,多云,3级
2019-07-18,32,26,多云,3级
2019-07-19,30,26,阴,3级
2019-07-20,33,26,多云,2级
2019-07-21,35,27,晴,2级
2019-07-22,35,28,晴转多云,2级
2019-07-23,35,28,晴转多云,3级
2019-07-24,37,29,阴,2级
2019-07-25,36,29,晴转雨,2级
2019-07-26,36,29,多云转雨,2级
2019-07-27,34,29,阴转多云,2级
2019-07-28,35,29,晴,3级
2019-07-29,36,29,阴转多云,3级
2019-07-30,37,29,阴,3级
2019-07-31,36,29,晴转多云,3级
2019-08-01,35,28,晴转多云,3级
2019-08-02,34,28,多云转晴,3级
2019-08-03,33,27,多云转雨,3级
2019-08-04,31,26,多云,3级
2019-08-05,33,26,晴,3级
2019-08-06,34,27,多云转晴,3级
2019-08-07,34,27,多云,3级
2019-08-08,33,27,多云,3级
2019-08-09,32,26,阴转雨,5级
2019-08-10,29,25,小雨到大雨,6级
2019-08-11,31,26,多云转晴,4级
2019-08-12,34,27,多云转晴,3级
2019-08-13,34,28,多云转晴,2级
2019-08-14,34,27,多云,2级
2019-08-15,33,27,晴转雨,3级
2019-08-16,34,26,晴,2级
2019-08-17,35,27,晴转雨,2级
2019-08-18,31,25,多云,2级
2019-08-19,31,26,多云转晴,3级
2019-08-20,32,25,晴,2级
2019-08-21,33,25,晴,2级
2019-08-22,34,26,多云转晴,2级
2019-08-23,32,26,多云转雨,2级
2019-08-24,31,26,阴转多云,3级
2019-08-25,33,27,多云,3级
2019-08-26,35,27,多云,3级
2019-08-27,35,28,小雨到大雨,2级
2019-08-28,31,26,小雨到大雨,2级
2019-08-29,26,21,多云,2级
2019-08-30,30,20,多云,2级
2019-08-31,30,23,大雨转雨,3级
2019-09-01,25,21,小雨到暴雨,3级
2019-09-02,25,20,阴转雨,3级
2019-09-03,26,23,多云转雨,2级
2019-09-04,28,23,多云转雨,2级
2019-09-05,30,24,多云,2级
2019-09-06,28,24,多云,3级
2019-09-07,30,24,多云,3级
2019-09-08,31,23,多云转晴,2级
2019-09-09,29,23,晴,2级
2019-09-10,32,24,晴,2级
2019-09-11,32,25,多云转晴,2级
2019-09-12,31,25,晴,2级
2019-09-13,31,24,晴,2级
2019-09-14,32,25,晴,2级
2019-09-15,30,23,晴,3级
2019-09-16,29,23,多云转晴,3级
2019-09-17,29,23,晴转雨,3级
2019-09-18,29,23,晴,4级
2019-09-19,27,21,多云转晴,3级
2019-09-20,27,21,多云转雨,3级
2019-09-21,25,21,阴转雨,4级
2019-09-22,23,20,晴转多云,5级
2019-09-23,26,20,晴,3级
2019-09-24,28,19,多云,2级
2019-09-25,27,20,多云,2级
2019-09-26,27,18,晴,2级
2019-09-27,28,21,晴转多云,2级
2019-09-28,28,21,晴,2级
2019-09-29,28,21,晴,2级
2019-09-30,28,22,阴转雨,2级
2019-10-01,24,22,暴雨转雨,4级
2019-10-02,27,22,晴,4级
2019-10-03,30,21,晴,2级
2019-10-04,29,23,晴转多云,2级
2019-10-05,24,20,阴,3级
2019-10-06,24,19,晴转多云,2级
2019-10-07,24,19,多云,2级
2019-10-08,22,19,阴转多云,3级
2019-10-09,24,19,晴,2级
2019-10-10,27,19,晴转多云,2级
2019-10-11,27,21,阴,2级
2019-10-12,25,21,晴转多云,3级
2019-10-13,25,20,多云,2级
2019-10-14,24,18,多云,3级
2019-10-15,20,16,阴转多云,3级
2019-10-16,22,16,多云,3级
2019-10-17,22,17,阴,3级
2019-10-18,23,17,晴,3级
2019-10-19,23,16,晴,3级
2019-10-20,24,16,晴,2级
2019-10-21,23,16,晴转多云,2级
2019-10-22,23,17,阴,2级
2019-10-23,23,18,阴转多云,3级
2019-10-24,23,18,晴转多云,3级
2019-10-25,22,17,阴转雨,3级
2019-10-26,19,16,多云,3级
2019-10-27,19,14,晴转多云,2级
2019-10-28,20,16,晴,2级
2019-10-29,22,14,晴,2级
2019-10-30,21,14,多云转晴,1级
2019-10-31,22,14,阴转多云,2级
2019-11-01,23,14,晴转多云,2级
2019-11-02,21,16,小雨转阴,2级
2019-11-03,21,16,晴,2级
2019-11-04,21,16,多云转晴,3级
2019-11-05,20,14,晴,3级
2019-11-06,19,14,多云,2级
2019-11-07,19,16,多云,3级
2019-11-08,17,13,晴,3级
2019-11-09,18,13,晴,2级
2019-11-10,20,13,晴,3级
2019-11-11,22,13,多云转晴,2级
2019-11-12,20,14,多云转阴,2级
2019-11-13,17,15,多云,3级
2019-11-14,16,12,晴,3级
2019-11-15,19,12,多云转晴,3级
2019-11-16,21,15,多云,2级
2019-11-17,24,18,多云,3级
2019-11-18,16,8,晴,4级
2019-11-19,13,8,晴,3级
2019-11-20,16,9,多云,3级
2019-11-21,17,13,晴,2级
2019-11-22,20,13,多云,2级
2019-11-23,21,17,多云,2级
2019-11-24,21,13,阴,3级
2019-11-25,13,8,多云,4级
2019-11-26,12,7,阴转雨,3级
2019-11-27,12,9,阴转雨,3级
2019-11-28,10,8,阴转多云,4级
2019-11-29,13,8,多云,3级
2019-11-30,14,11,小雨到大雨,2级
2019-12-01,12,7,阴转多云,3级
2019-12-02,10,6,晴,3级
2019-12-03,10,4,晴,2级
2019-12-04,12,5,晴转多云,2级
2019-12-05,12,6,多云,3级
2019-12-06,10,6,晴,3级
2019-12-07,10,6,晴,2级
2019-12-08,12,4,晴,1级
2019-12-09,15,6,晴转多云,2级
2019-12-10,17,9,多云,2级
2019-12-11,15,8,多云转晴,3级
2019-12-12,13,7,多云,2级
2019-12-13,16,9,多云,2级
2019-12-14,15,9,多云,3级
2019-12-15,16,10,晴转多云,3级
2019-12-16,20,14,多云,2级
2019-12-17,15,9,小雨到中雨,3级
2019-12-18,10,6,小雨到中雨,3级
2019-12-19,8,6,晴转多云,3级
2019-12-20,10,5,阴,2级
2019-12-21,11,9,小雨到大雨,3级
2019-12-22,12,9,多云,2级
2019-12-23,13,8,中雨转雨,2级
2019-12-24,11,9,多云,3级
2019-12-25,14,10,小雨到大雨,2级
2019-12-26,13,5,多云,4级
2019-12-27,9,4,晴,2级
2019-12-28,13,4,小雨转雨,2级
2019-12-29,15,6,阴,2级
2019-12-30,13,8,多云,3级
2019-12-31,7,2,晴转多云,3级
2020-01-01,10,2,阴转多云,2级
2020-01-02,12,8,多云,2级
2020-01-03,12,9,多云转雨,2级
2020-01-04,12,9,多云,2级
2020-01-05,14,10,多云,3级
2020-01-06,21,13,多云,3级
2020-01-07,19,7,阴,3级
2020-01-08,8,4,阴,3级
2020-01-09,8,5,阴,2级
2020-01-10,9,6,小雨到中雨,3级
2020-01-11,9,6,多云,3级
2020-01-12,9,4,霾,3级
2020-01-13,9,4,阴,1级
2020-01-14,8,4,多云,2级
2020-01-15,9,3,阴转雨,3级
2020-01-16,7,5,阴转雨,3级
2020-01-17,8,5,多云,3级
2020-01-18,7,3,阴,2级
2020-01-19,8,4,多云转晴,2级
2020-01-20,11,3,霾,2级
2020-01-21,12,5,阴转雨,3级
2020-01-22,11,7,多云,2级
2020-01-23,11,8,暴雨转雨,2级
2020-01-24,11,8,大雨转雨,3级
2020-01-25,10,7,阴转雨,3级
2020-01-26,10,8,阴转雨,4级
2020-01-27,8,5,多云,3级
2020-01-28,7,4,晴转多云,3级
2020-01-29,8,4,晴,3级
2020-01-30,7,3,晴,3级
2020-01-31,8,2,晴,3级
2020-02-01,11,2,晴转多云,1级
2020-02-02,13,2,多云,2级
2020-02-03,11,6,阴,2级
2020-02-04,11,6,晴,2级
2020-02-05,10,4,多云,3级
2020-02-06,8,4,中雨转雨,3级
2020-02-07,8,5,阴转多云,3级
2020-02-08,9,5,多云,2级
2020-02-09,11,5,晴,2级
2020-02-10,14,6,小雨转雨,2级
2020-02-11,12,10,中雨转雨,3级
2020-02-12,16,10,多云转晴,2级
2020-02-13,16,9,多云,2级
2020-02-14,17,11,阴,3级
2020-02-15,15,2,雪,3级
2020-02-16,5,0,晴,4级
2020-02-17,8,0,晴,4级
2020-02-18,10,1,多云,2级
2020-02-19,11,4,多云,2级
2020-02-20,15,7,晴,2级
2020-02-21,18,8,晴转多云,3级
2020-02-22,17,8,晴,3级
2020-02-23,14,7,晴转多云,3级
2020-02-24,21,11,晴转多云,3级
2020-02-25,22,12,多云,3级
2020-02-26,12,9,晴转多云,3级
2020-02-27,13,8,多云转阴,3级
2020-02-28,14,9,多云转雨,3级
2020-02-29,12,10,阴转雨,2级
2020-03-01,12,9,多云,3级
2020-03-02,12,8,阴,3级
2020-03-03,11,7,阴,2级
2020-03-04,11,7,多云,3级
2020-03-05,11,5,晴,3级
2020-03-06,14,6,多云转雨,3级
2020-03-07,16,10,阴转多云,2级
2020-03-08,16,10,中雨转雨,3级
2020-03-09,15,11,阴,3级
2020-03-10,12,9,晴,3级
2020-03-11,16,6,阴,2级
2020-03-12,16,10,阴转雨,3级
2020-03-13,13,9,多云,2级
2020-03-14,14,7,晴,2级
2020-03-15,19,8,多云,3级
2020-03-16,16,10,阴,3级
2020-03-17,21,10,多云,2级
2020-03-18,24,12,晴,2级
2020-03-19,21,11,晴,3级
2020-03-20,20,10,晴,3级
2020-03-21,25,12,大雨转雨,2级
2020-03-22,20,12,阴,3级
2020-03-23,18,11,晴转多云,2级
2020-03-24,20,10,多云,3级
2020-03-25,21,13,多云转雨,4级
2020-03-26,24,16,阴转雨,2级
2020-03-27,19,9,中雨到大雨,4级
2020-03-28,9,6,阴,3级
2020-03-29,11,6,小雨转雨,3级
2020-03-30,12,8,多云,3级
2020-03-31,17,10,多云转雨,2级
2020-04-01,18,10,晴,3级
2020-04-02,17,10,阴,3级
2020-04-03,17,11,阴转多云,2级
2020-04-04,21,11,晴,2级
2020-04-05,16,10,多云,3级
2020-04-06,16,10,晴转多云,2级
2020-04-07,20,6,晴转多云,2级
2020-04-08,22,11,阴转多云,2级
2020-04-09,21,12,晴转多云,3级
2020-04-10,20,13,多云转阴,3级
2020-04-11,14,9,阴转多云,3级
2020-04-12,20,7,多云转雨,4级
2020-04-13,19,10,晴转多云,3级
2020-04-14,21,10,多云转阴,2级
2020-04-15,23,13,晴转多云,2级
2020-04-16,26,16,晴转雨,3级
2020-04-17,20,14,晴转多云,2级
2020-04-18,18,13,小雨转雨,3级
2020-04-19,18,13,晴转多云,3级
2020-04-20,23,13,中雨转雨,2级
2020-04-21,16,12,多云转阴,3级
2020-04-22,19,10,多云转雨,2级
2020-04-23,19,13,多云,2级
2020-04-24,23,12,晴,2级
2020-04-25,27,14,阴,3级
2020-04-26,22,14,多云转雨,3级
2020-04-27,21,13,晴,3级
2020-04-28,23,13,晴,3级
2020-04-29,26,15,晴,3级
2020-04-30,31,18,阴,3级
2020-05-01,25,21,小雨到中雨,2级
2020-05-02,29,20,晴转雨,3级
2020-05-03,34,22,晴,2级
2020-05-04,30,19,阴,3级
2020-05-05,23,18,阴,3级
2020-05-06,20,18,晴转多云,3级
2020-05-07,24,18,多云,3级
2020-05-08,25,20,多云转雨,4级
2020-05-09,25,19,阴转多云,3级
2020-05-10,21,18,多云转晴,2级
2020-05-11,27,18,多云,2级
2020-05-12,29,18,阴转多云,3级
2020-05-13,28,19,阴转多云,3级
2020-05-14,24,20,小雨转雨,4级
2020-05-15,28,22,阴转雨,2级
2020-05-16,27,22,多云,2级
2020-05-17,31,23,多云,2级
2020-05-18,30,21,晴,3级
2020-05-19,29,17,晴转多云,3级
2020-05-20,29,19,多云转阴,3级
2020-05-21,27,20,阴,3级
2020-05-22,27,19,阴,3级
2020-05-23,28,20,晴,3级
2020-05-24,31,21,阴,2级
2020-05-25,26,19,小雨转雨,2级
2020-05-26,23,19,多云,2级
2020-05-27,28,17,多云,2级
2020-05-28,31,21,阴,2级
2020-05-29,26,18,小雨到中雨,3级
2020-05-30,20,18,阴,4级
2020-05-31,27,18,多云,2级
2020-06-01,30,21,多云转多云,2级
2020-06-02,31,22,多云转雨,3级
2020-06-03,28,22,阴,2级
2020-06-04,31,22,阴,2级
2020-06-05,26,21,多云,3级
2020-06-06,27,21,多云,3级
2020-06-07,28,22,多云,3级
2020-06-08,28,23,小雨,3级
2020-06-09,28,23,多云,3级
2020-06-10,27,24,多云,2级
2020-06-11,30,25,多云,2级
2020-06-12,33,26,阴,2级
2020-06-13,35,27,阴,2级
2020-06-14,32,27,阴,2级
2020-06-15,28,24,阴,2级
2020-06-16,25,22,多云,3级
2020-06-17,32,23,阴,2级
2020-06-18,34,22,多云,3级
2020-06-19,28,23,阴,2级
2020-06-20,26,20,阴,2级
2020-06-21,22,20,阴,2级
2020-06-22,25,21,阴转雨,3级
2020-06-23,29,24,小雨,3级
2020-06-24,29,24,小雨,2级
2020-06-25,26,24,多云,2级
2020-06-26,30,24,阴,2级
2020-06-27,27,26,多云,2级
2020-06-28,28,25,阴,3级
2020-06-29,28,24,晴,3级
2020-06-30,29,24,多云,2级
2020-07-01,29,24,多云,3级
2020-07-02,25,23,小雨,3级
2020-07-03,30,24,多云,3级
2020-07-04,27,24,阴,2级
2020-07-05,26,24,多云,2级
2020-07-06,27,24,阴,2级
2020-07-07,31,24,阴,2级
2020-07-08,29,24,多云,2级
2020-07-09,28,24,阴,2级
2020-07-10,28,24,阴,2级
2020-07-11,27,24,阴,2级
2020-07-12,35,25,阴,3级
2020-07-13,29,25,多云,3级
2020-07-14,26,24,小雨,2级
2020-07-15,23,20,阴,3级
2020-07-16,24,21,小雨到中雨,3级
2020-07-17,24,23,阴,3级
2020-07-18,29,24,多云,2级
2020-07-19,35,27,阴,3级
2020-07-20,28,25,阴,2级
2020-07-21,31,24,阴,2级
2020-07-22,34,26,阴,2级
2020-07-23,34,27,小雨转雨,3级
2020-07-24,29,25,晴,3级
2020-07-25,32,23,多云,2级
2020-07-26,30,25,多云,2级
2020-07-27,31,27,多云,2级
2020-07-28,34,27,阴,2级
2020-07-29,34,27,阴,3级
2020-07-30,34,27,阴,3级
2020-07-31,33,28,多云,4级
2020-08-01,34,28,多云,4级
2020-08-02,35,28,多云,3级
2020-08-03,35,28,多云,4级
2020-08-04,31,26,小雨,4级
2020-08-05,31,27,阴,4级
2020-08-06,34,27,阴,3级
2020-08-07,34,28,多云,2级
2020-08-08,33,28,阴,3级
2020-08-09,33,28,多云,3级
2020-08-10,34,26,阴,3级
2020-08-11,35,28,多云,3级
2020-08-12,36,28,晴,3级
2020-08-13,38,29,多云,3级
2020-08-14,38,30,晴,2级
2020-08-15,37,29,晴,3级
2020-08-16,37,28,晴,3级
2020-08-17,37,28,晴,3级
2020-08-18,35,28,晴,3级
2020-08-19,36,28,晴,3级
2020-08-20,36,28,晴,3级
2020-08-21,35,28,晴,3级
2020-08-22,34,28,晴,3级
2020-08-23,34,28,晴,3级
2020-08-24,36,27,晴,2级
2020-08-25,35,28,多云,3级
2020-08-26,34,27,阴,4级
2020-08-27,34,27,多云,2级
2020-08-28,32,26,阴,2级
2020-08-29,31,26,晴,2级
2020-08-30,33,27,晴,3级
2020-08-31,34,27,多云,3级
2020-09-01,33,27,多云,3级
2020-09-02,31,25,晴,4级
2020-09-03,31,23,晴,3级
2020-09-04,33,23,晴,2级
2020-09-05,32,23,晴,3级
2020-09-06,31,23,晴,3级
2020-09-07,34,24,晴,3级
2020-09-08,34,25,晴,2级
2020-09-09,33,24,晴,2级
2020-09-10,32,23,小雨,2级
2020-09-11,25,22,多云,2级
2020-09-12,27,22,多云,2级
2020-09-13,29,23,多云,2级
2020-09-14,27,21,阴,2级
2020-09-15,23,22,阴,2级
2020-09-16,28,21,阴,2级
2020-09-17,22,18,小雨到中雨,3级
2020-09-18,19,17,阴,2级
2020-09-19,23,19,晴,2级
2020-09-20,27,20,阴,2级
2020-09-21,26,20,阴,1级
2020-09-22,25,20,阴,2级
2020-09-23,21,20,多云,2级
2020-09-24,26,19,阴,3级
2020-09-25,26,20,阴,3级
2020-09-26,26,20,晴,3级
2020-09-27,26,18,多云,3级
2020-09-28,27,20,多云,3级
2020-09-29,26,19,阴,2级
2020-09-30,26,19,晴,2级
2020-10-01,27,20,晴,2级
2020-10-02,28,22,阴,3级
2020-10-03,25,20,小雨,3级
2020-10-04,23,17,多云,4级
2020-10-05,22,18,阴,3级
2020-10-06,23,18,多云,3级
2020-10-07,22,18,晴,3级
2020-10-08,24,19,多云,3级
2020-10-09,24,18,多云,3级
2020-10-10,24,17,晴,2级
2020-10-11,25,18,晴,2级
2020-10-12,25,18,晴,3级
2020-10-13,23,17,晴,3级
2020-10-14,23,18,多云,3级
2020-10-15,21,15,小雨,3级
2020-10-16,17,15,阴,3级
2020-10-17,21,16,晴,3级
2020-10-18,21,16,多云,2级
2020-10-19,21,16,多云,2级
2020-10-20,22,17,多云,2级
2020-10-21,19,14,晴,2级
2020-10-22,21,13,晴,3级
2020-10-23,19,12,晴,3级
2020-10-24,18,12,晴,2级
2020-10-25,20,14,晴,2级
2020-10-26,22,15,晴,2级
2020-10-27,21,16,阴,2级
2020-10-28,20,15,阴,2级
2020-10-29,20,13,晴,3级
2020-10-30,20,14,晴,3级
2020-10-31,21,16,晴,2级
2020-11-01,23,16,阴,2级
2020-11-02,21,14,晴,2级
2020-11-03,18,12,晴,3级
2020-11-04,17,13,晴,3级
2020-11-05,20,16,晴,2级
2020-11-06,23,16,晴,2级
2020-11-07,23,14,晴,2级
2020-11-08,20,12,晴,3级
2020-11-09,18,12,晴,2级
2020-11-10,18,12,晴,2级
2020-11-11,18,13,晴,2级
2020-11-12,20,14,晴,2级
2020-11-13,19,15,晴,2级
2020-11-14,20,16,多云,2级
2020-11-15,21,16,晴,2级
2020-11-16,21,17,晴,2级
2020-11-17,23,19,阴,3级
2020-11-18,27,17,晴,4级
2020-11-19,20,13,阴,3级
2020-11-20,16,12,阴,3级
2020-11-21,17,14,小雨,3级
2020-11-22,14,11,阴,3级
2020-11-23,11,10,阴,3级
2020-11-24,13,9,小雨,2级
2020-11-25,14,12,小雨到中雨,2级
2020-11-26,13,11,阴,2级
2020-11-27,12,8,多云,3级
2020-11-28,12,7,多云,3级
2020-11-29,11,8,多云,3级
2020-11-30,13,8,多云,3级
2020-12-01,14,9,晴,3级
2020-12-02,13,8,多云,3级
2020-12-03,11,5,多云,4级
2020-12-04,9,5,晴,3级
2020-12-05,10,8,阴,2级
2020-12-06,14,9,阴,2级
2020-12-07,14,8,晴,3级
2020-12-08,11,7,多云,3级
2020-12-09,14,9,晴,2级
2020-12-10,13,10,阴,2级
2020-12-11,10,1,晴,2级
2020-12-12,11,6,多云,2级
2020-12-13,12,3,小雨,3级
2020-12-14,2,-7,晴,2级
2020-12-15,6,1,晴,3级
2020-12-16,6,2,晴,3级
2020-12-17,8,4,阴,2级
2020-12-18,7,4,小雨,3级
2020-12-19,8,1,晴,3级
2020-12-20,8,2,晴,2级
2020-12-21,9,3,晴,2级
2020-12-22,11,5,多云,1级
2020-12-23,12,6,小雨,2级
2020-12-24,12,7,阴,3级
2020-12-25,10,6,阴,2级
2020-12-26,13,7,小雨,3级
2020-12-27,13,9,霾,2级
2020-12-28,15,9,多云,2级
2020-12-29,16,-4,阴,3级
2020-12-30,-1,-5,晴,4级
2020-12-31,0,-4,晴,3级
2021-01-01,4,-1,晴,2级
2021-01-02,7,1,晴,2级
2021-01-03,10,6,阴,2级
2021-01-04,13,7,阴,2级
2021-01-05,8,2,多云,3级
2021-01-06,5,-4,阴,3级
2021-01-07,-3,-6,多云,4级
2021-01-08,0,-6,晴,4级
2021-01-09,3,-1,多云,3级
2021-01-10,5,-1,多云,2级
2021-01-11,6,-1,晴,3级
2021-01-12,8,1,晴,3级
2021-01-13,14,4,晴,2级
2021-01-14,16,6,晴,2级
2021-01-15,11,-2,晴,2级
2021-01-16,7,0,阴,4级
2021-01-17,5,-1,晴,3级
2021-01-18,10,3,晴,2级
2021-01-19,11,6,晴,3级
2021-01-20,13,11,阴,3级
2021-01-21,17,9,阴,2级
2021-01-22,11,7,阴,2级
2021-01-23,8,4,阴,3级
2021-01-24,10,7,阴,2级
2021-01-25,15,9,小雨,2级
2021-01-26,10,6,多云,2级
2021-01-27,10,4,多云,2级
2021-01-28,10,0,晴,3级
2021-01-29,8,3,晴,2级
2021-01-30,13,8,阴,2级
2021-01-31,14,8,小雨,2级
2021-02-01,11,5,多云,2级
2021-02-02,10,4,晴,3级
2021-02-03,13,6,晴,3级
2021-02-04,12,7,晴,3级
2021-02-05,17,3,晴,3级
2021-02-06,16,7,晴,2级
2021-02-07,19,5,阴,2级
2021-02-08,9,4,阴,3级
2021-02-09,11,5,阴,2级
2021-02-10,12,9,阴,2级
2021-02-11,10,8,阴,2级
2021-02-12,13,9,多云,2级
2021-02-13,17,9,阴,2级
2021-02-14,20,3,多云,2级
2021-02-15,11,4,阴,3级
2021-02-16,12,2,多云,2级
2021-02-17,7,1,晴,3级
2021-02-18,8,2,晴,3级
2021-02-19,17,9,晴,2级
2021-02-20,23,11,晴,3级
2021-02-21,24,10,晴,3级
2021-02-22,26,7,晴,3级
2021-02-23,13,7,晴,3级
2021-02-24,15,10,晴,3级
2021-02-25,16,8,小雨到中雨,3级
2021-02-26,11,8,阴,4级
2021-02-27,12,10,阴,3级
2021-02-28,14,11,阴,2级
2021-03-01,13,5,小雨到中雨,3级
2021-03-02,10,5,阴,3级
2021-03-03,11,9,小雨,3级
2021-03-04,13,6,晴,2级
2021-03-05,12,8,阴,2级
2021-03-06,11,7,阴,3级
2021-03-07,9,8,阴,3级
2021-03-08,12,8,阴,2级
2021-03-09,10,7,多云,2级
2021-03-10,17,9,阴,2级
2021-03-11,12,9,阴,3级
2021-03-12,12,7,阴,3级
2021-03-13,16,8,晴,2级
2021-03-14,18,11,多云,3级
2021-03-15,24,12,小雨,3级
2021-03-16,13,9,阴,3级
2021-03-17,12,9,阴,2级
2021-03-18,15,10,阴,2级
2021-03-19,13,11,阴,2级
2021-03-20,14,7,霾,3级
2021-03-21,14,5,多云,3级
2021-03-22,15,7,晴,2级
2021-03-23,17,11,阴,3级
2021-03-24,19,10,晴,2级
2021-03-25,22,12,多云,2级
2021-03-26,21,15,阴,3级
2021-03-27,21,15,多云,3级
2021-03-28,25,12,晴,2级
2021-03-29,25,14,阴,3级
2021-03-30,19,14,霾,3级
2021-03-31,15,13,小雨,3级
2021-04-01,17,15,阴,2级
2021-04-02,20,15,阴,2级
2021-04-03,18,11,阴,3级
2021-04-04,17,9,晴,3级
2021-04-05,19,11,阴,3级
2021-04-06,20,12,阴,2级
2021-04-07,17,11,小雨,2级
2021-04-08,19,10,晴,2级
2021-04-09,19,10,晴,2级
2021-04-10,20,14,阴,3级
2021-04-11,16,15,小雨,3级
2021-04-12,17,15,阴,2级
2021-04-13,20,12,多云,3级
2021-04-14,15,11,多云,3级
2021-04-15,16,12,晴,2级
2021-04-16,24,12,多云,2级
2021-04-17,20,10,多云,3级
2021-04-18,20,12,阴,2级
2021-04-19,22,14,晴,3级
2021-04-20,22,15,多云,3级
2021-04-21,24,17,多云,4级
2021-04-22,23,18,多云,3级
2021-04-23,22,18,多云,2级
2021-04-24,21,17,多云,2级
2021-04-25,24,16,多云,2级
2021-04-26,24,17,阴,3级
2021-04-27,18,16,阴,2级
2021-04-28,23,17,阴,2级
2021-04-29,24,18,晴,3级
2021-04-30,30,17,阴,3级
2021-05-01,26,16,晴,3级
2021-05-02,23,16,多云,3级
2021-05-03,24,18,阴,4级
2021-05-04,22,16,阴,3级
2021-05-05,27,16,多云,2级
2021-05-06,25,20,小雨,3级
2021-05-07,29,18,多云,3级
2021-05-08,29,20,晴,2级
2021-05-09,30,17,晴,3级
2021-05-10,34,22,多云,3级
2021-05-11,25,22,阴到小雨,2级
2021-05-12,23,20,阴,2级
2021-05-13,24,20,阴,3级
2021-05-14,28,22,小雨,2级
2021-05-15,34,24,多云,3级
2021-05-16,29,16,阴转小雨,3级
2021-05-17,24,16,阴,2级
2021-05-18,22,17,阴,2级
2021-05-19,25,15,多云,2级
2021-05-20,23,18,阴,3级
2021-05-21,25,19,阴,2级
2021-05-22,26,18,晴,3级
2021-05-23,20,17,阴,3级
2021-05-24,28,21,多云,2级
2021-05-25,31,19,阴,3级
2021-05-26,21,19,中雨,2级
2021-05-27,28,20,阴,2级
2021-05-28,28,19,阴,3级
2021-05-29,29,20,多云,3级
2021-05-30,31,21,多云,2级
2021-05-31,29,21,多云,3级
2021-06-01,29,22,小雨转阴,4级
2021-06-02,22,20,小雨,4级
2021-06-03,27,19,小雨,2级
2021-06-04,26,20,阴,3级
2021-06-05,31,21,多云,2级
2021-06-06,33,22,晴,3级
2021-06-07,32,22,多云,3级
2021-06-08,29,22,阴,3级
2021-06-09,28,23,阴,4级
2021-06-10,27,22,多云,3级
2021-06-11,30,24,阴,2级
2021-06-12,29,22,多云,3级
2021-06-13,27,22,阴,2级
2021-06-14,27,24,阴,3级
2021-06-15,33,24,多云,3级
2021-06-16,26,23,晴,3级
2021-06-17,25,24,阴,3级
2021-06-18,28,21,小雨,2级
2021-06-19,20,19,多云,2级
2021-06-20,25,19,多云,2级
2021-06-21,31,22,多云,2级
2021-06-22,32,23,晴,2级
2021-06-23,33,22,晴,2级
2021-06-24,32,23,阴,3级
2021-06-25,31,23,阴,3级
2021-06-26,27,23,小雨,3级
2021-06-27,26,24,多云,2级
2021-06-28,28,23,晴,2级
2021-06-29,30,24,阴,2级
2021-06-30,29,24,阴,3级
2021-07-01,31,24,多云,3级
2021-07-02,27,21,阴,2级
2021-07-03,32,25,小雨,3级
2021-07-04,26,25,阴,2级
2021-07-05,35,25,小雨,2级
2021-07-06,35,27,多云,4级
2021-07-07,36,27,阴,3级
2021-07-08,34,25,小雨到大雨,2级
2021-07-09,38,26,多云,2级
2021-07-10,32,26,小雨,3级
2021-07-11,36,28,阴,2级
2021-07-12,36,27,阴,3级
2021-07-13,35,27,阴,3级
2021-07-14,37,27,阴,3级
2021-07-15,35,28,阴,3级
2021-07-16,34,27,阴,3级
2021-07-17,33,27,晴,3级
2021-07-18,33,25,晴,3级
2021-07-19,33,26,晴,3级
2021-07-20,33,27,多云,3级
2021-07-21,32,27,多云,3级
2021-07-22,29,27,晴转小雨,4级
2021-07-23,34,24,阴,1级
2021-07-24,28,25,小雨到中雨,5级
2021-07-25,26,25,小雨到中雨,6级
2021-07-26,32,23,晴,2级
2021-07-27,27,26,小雨到中雨,4级
2021-07-28,31,27,阴,4级
2021-07-29,33,27,多云,3级
2021-07-30,35,26,多云,2级
2021-07-31,31,26,多云,2级
2021-08-01,32,26,多云,2级
2021-08-02,32,26,多云,3级
2021-08-03,31,26,多云,3级
2021-08-04,31,26,多云,4级
2021-08-05,31,26,多云,3级
2021-08-06,33,27,多云,3级
2021-08-07,32,25,多云,3级
2021-08-08,29,23,小雨,2级
2021-08-09,34,26,多云,3级
2021-08-10,33,26,多云,2级
2021-08-11,30,25,小雨到中雨,1级
2021-08-12,31,25,多云,2级
2021-08-13,29,24,多云,2级
2021-08-14,24,24,多云,2级
2021-08-15,26,23,多云,2级
2021-08-16,28,24,小雨到中雨,1级
2021-08-17,30,24,晴,2级
2021-08-18,31,23,多云,2级
2021-08-19,31,25,阴,3级
2021-08-20,32,27,多云,3级
2021-08-21,32,26,多云,2级
2021-08-22,32,26,多云,3级
2021-08-23,33,28,多云,3级
2021-08-24,32,25,多云,3级
2021-08-25,33,24,多云,2级
2021-08-26,34,27,小雨,2级
2021-08-27,33,25,晴,3级
2021-08-28,34,26,多云,3级
2021-08-29,35,26,多云,3级
2021-08-30,33,28,多云,3级
2021-08-31,34,26,多云,4级
2021-09-01,36,26,多云,2级
2021-09-02,32,26,阴,1级
2021-09-03,30,25,晴,1级
2021-09-04,31,25,多云,2级
2021-09-05,33,27,多云,1级
2021-09-06,32,25,多云,2级
2021-09-07,29,24,晴,1级
2021-09-08,28,24,多云,1级
2021-09-09,30,24,多云,2级
2021-09-10,32,20,多云,1级
2021-09-11,26,20,多云,2级
2021-09-12,28,24,多云,2级
2021-09-13,29,21,晴,2级
2021-09-14,25,23,多云,1级
2021-09-15,26,23,多云,1级
2021-09-16,28,21,多云,4级
2021-09-17,29,20,晴,0级
2021-09-18,29,20,晴,1级
2021-09-19,18,16,阴,3级
2021-09-20,33,22,阴到小雨,0级
2021-09-21,31,23,晴,0级
2021-09-22,34,21,晴,0级
2021-09-23,35,22,晴,1级
2021-09-24,31,22,晴,1级
2021-09-25,30,23,多云,1级
2021-09-26,31,24,晴,1级
2021-09-27,32,24,晴,1级
2021-09-28,32,25,晴,1级
2021-09-29,34,22,多云,1级
2021-09-30,29,19,晴,0级
2021-10-01,31,22,晴,0级
2021-10-02,27,20,阴,3级
2021-10-03,30,24,晴,1级
2021-10-04,31,24,晴,1级
2021-10-05,31,24,晴,1级
2021-10-06,30,24,多云,1级
2021-10-07,27,23,多云,0级
2021-10-08,16,12,阴,3级
2021-10-09,29,24,晴,2级
2021-10-10,31,22,多云,2级
2021-10-11,22,20,多云,2级
2021-10-12,24,22,多云,1级
2021-10-13,27,24,多云,1级
2021-10-14,18,15,多云,3级
2021-10-15,29,18,阴,2级
2021-10-16,19,14,风,1级
2021-10-17,17,14,多云,1级
2021-10-18,19,14,多云,0级
2021-10-19,19,14,多云,1级
2021-10-20,15,12,大雨,0级
2021-10-21,17,11,多云,1级
2021-10-22,18,11,晴,1级
2021-10-23,20,15,多云,1级
2021-10-24,22,13,晴,0级
2021-10-25,20,14,多云,2级
2021-10-26,22,13,多云,1级
2021-10-27,21,15,晴,1级
2021-10-28,22,13,晴,0级
2021-10-29,21,15,多云,1级
2021-10-30,23,13,晴,1级
2021-10-31,22,15,多云,1级
2021-11-01,23,14,多云,1级
2021-11-02,21,12,多云,1级
2021-11-03,21,15,晴,2级
2021-11-04,21,17,多云,2级
2021-11-05,19,18,小雨到中雨,2级
2021-11-06,20,17,多云,0级
2021-11-07,22,5,多云,2级
2021-11-08,9,3,多云,1级
2021-11-09,12,7,多云,1级
2021-11-10,15,8,晴,3级
2021-11-11,15,9,多云,0级
2021-11-12,16,9,多云,2级
2021-11-13,19,8,晴,1级
2021-11-14,21,8,晴,2级
2021-11-15,19,12,多云,2级
2021-11-16,19,12,晴,2级
2021-11-17,18,13,多云,1级
2021-11-18,20,11,晴,2级
2021-11-19,20,10,多云,1级
2021-11-20,20,13,多云,1级
2021-11-21,20,8,小雨,2级
2021-11-22,11,1,多云,1级
2021-11-23,9,1,晴,1级
2021-11-24,14,8,多云,2级
2021-11-25,17,8,晴,1级
2021-11-26,18,7,晴,1级
2021-11-27,16,12,晴,0级
2021-11-28,18,14,多云,1级
2021-11-29,18,9,小雨,2级
2021-11-30,11,3,多云,4级
2021-12-01,9,3,多云,1级
2021-12-02,11,3,晴,4级
2021-12-03,15,1,晴,4级
2021-12-04,14,5,多云,2级
2021-12-05,15,9,多云,0级
2021-12-06,15,3,多云,3级
2021-12-07,9,1,多云,2级
2021-12-08,15,11,多云,1级
2021-12-09,12,1,晴,3级
2021-12-10,16,6,晴,2级
2021-12-11,16,10,多云,1级
2021-12-12,11,5,多云,1级
2021-12-13,10,5,晴,0级
2021-12-14,13,4,晴,0级
2021-12-15,14,12,小雨,1级
2021-12-16,12,6,小雨,2级
2021-12-17,3,-2,多云,3级
2021-12-18,7,1,晴,1级
2021-12-19,9,4,多云,2级
2021-12-20,14,7,晴,2级
2021-12-21,15,5,晴,2级
2021-12-22,15,5,晴,2级
2021-12-23,15,10,晴,1级
2021-12-24,14,2,多云,2级
2021-12-25,4,0,多云,2级
2021-12-26,2,-2,多云,1级
2021-12-27,3,-1,多云,0级
2021-12-28,6,1,晴,0级
2021-12-29,11,0,晴,1级
2021-12-30,9,0,晴,2级
2021-12-31,9,4,晴,1级
